frequency,amplitude
14.513788223266602,100.0
15.239477634429932,99.1321372975974
15.965167045593262,98.69147111863082
16.690856456756592,95.16558675537031
17.416545867919922,90.7688500194632
18.142235279083252,84.67051795257349
18.867924690246582,81.59169400181972
19.593614101409912,72.25818095514636
20.319303512573242,71.35203622818652
21.044992923736572,76.3752084324572
21.770682334899902,72.91192912604805
22.496371746063232,71.08196347121876
23.222061157226562,68.12811418731897
23.947750568389893,66.06421080743254
24.673439979553223,62.84061726526545
25.399129390716553,58.20656612325039
26.124818801879883,51.92769984118445
26.850508213043213,57.88632606037314
27.576197624206543,60.80839793816949
28.301887035369873,55.676947082688486
29.027576446533203,57.27635221481651
29.753265857696533,53.89177759187571
30.478955268859863,53.13349768595828
31.204644680023193,53.81225827650734
31.930334091186523,47.259219172588566
32.65602350234985,43.31833640343463
33.381712913513184,42.654858010733236
34.107402324676514,38.181496754553784
34.833091735839844,37.88940930104218
35.558781147003174,39.80182981548823
36.284470558166504,40.24659594815997
37.010159969329834,36.55302548672984
37.735849380493164,37.624865411652145
38.461538791656494,37.529695260146056
39.187228202819824,34.67942654092377
39.912917613983154,35.16239994007922
40.638607025146484,32.79416872796792
41.364296436309814,32.627186200185605
42.089985847473145,31.189852205470366
42.815675258636475,28.220660520289627
43.541364669799805,29.90813613976447
44.267054080963135,31.168952450637697
44.992743492126465,28.240471504567218
45.718432903289795,27.311687238818266
46.444122314453125,29.578656906173098
47.169811725616455,29.568806151913943
47.895501136779785,28.154772138833522
48.621190547943115,27.83836916401172
49.346879959106445,27.76562125994164
50.072569370269775,32.34118822841168
50.798258781433105,29.63399252085638
51.523948192596436,25.41635589202121
52.249637603759766,25.296542016124608
52.975327014923096,25.589328716403006
53.701016426086426,24.210084441250643
54.426705837249756,24.883204405028344
55.152395248413086,24.709065043482358
55.878084659576416,23.935210952373108
56.603774070739746,23.680235632966546
57.329463481903076,23.583336361247053
58.055152893066406,21.491530270140213
58.780842304229736,21.033182096553865
59.506531715393066,21.97563761770194
60.2322211265564,22.35246258309153
60.95791053771973,20.793022636617906
61.68359994888306,20.46977528373228
62.40928936004639,23.119895926720922
63.13497877120972,25.597165272586132
63.86066818237305,23.65813843233065
64.58635759353638,21.122969190127247
65.3120470046997,21.527179312185577
66.03773641586304,21.4340498962166
66.76342582702637,20.34301832264663
67.4891152381897,20.86075158476566
68.21480464935303,22.544117102121888
68.94049406051636,21.833759992256226
69.66618347167969,18.93616209134754
70.39187288284302,20.0437595380084
71.11756229400635,20.94196028705197
71.84325170516968,19.95760635085544
72.56894111633301,19.584632348185437
73.29463052749634,20.43565008882076
74.02031993865967,20.27117232879601
74.746009349823,20.89684841885954
75.47169876098633,20.993862524086786
76.19738817214966,21.309672431869753
76.92307758331299,22.53695537101339
77.64876699447632,22.336110742982726
78.37445640563965,22.007139147111793
79.10014581680298,21.935067522084527
79.82583522796631,23.013722596159855
80.55152463912964,23.36968550249527
81.27721405029297,24.96838444680649
82.0029034614563,25.138820067270615
82.72859287261963,27.219033599736285
83.45428228378296,27.207744565729097
84.17997169494629,28.820254161256795
84.90566110610962,29.905782484111185
85.63135051727295,33.91407958499492
86.35703992843628,34.44530858002999
87.08272933959961,34.78364636286668
87.80841875076294,36.140156884282845
88.53410816192627,40.27174533142923
89.2597975730896,40.591759877996104
89.98548698425293,39.14333018827596
90.71117639541626,41.6081337445252
91.43686580657959,45.499051895331824
92.16255521774292,51.44535244186799
92.88824462890625,54.146594785689956
93.61393404006958,55.76945882371703
94.33962345123291,63.339973589574555
95.06531286239624,69.71319964517829
95.79100227355957,72.9593644556909
96.5166916847229,73.67450858623272
97.24238109588623,69.7981025156059
97.96807050704956,74.68734604223509
98.69375991821289,77.75678166726634
99.41944932937622,79.28653324376121
100.14513874053955,77.94388832577454
100.87082815170288,80.98032914896858
101.59651756286621,84.09926897830374
102.32220697402954,82.3868825422277
103.04789638519287,83.57554341579237
103.7735857963562,81.7902480721097
104.49927520751953,78.1858884970683
105.22496461868286,80.86835742333076
105.95065402984619,82.52220219235103
106.67634344100952,90.05491698818591
107.40203285217285,90.93335543888787
108.12772226333618,84.24187582666293
108.85341167449951,88.94174831734823
109.57910108566284,83.84326343117206
110.30479049682617,92.42610636260271
111.0304799079895,84.84046293187936
111.75616931915283,79.94469763285308
112.48185873031616,78.70929371498165
113.20754814147949,75.65678506730193
113.93323755264282,73.2456537232447
114.65892696380615,77.39883227919623
115.38461637496948,67.98804277117353
116.11030578613281,68.31801600000458
116.83599519729614,68.21998774244118
117.56168460845947,65.82227968530759
118.2873740196228,67.55985328380497
119.01306343078613,63.79904054774901
119.73875284194946,57.94725905746673
120.4644422531128,56.60576613970075
121.19013166427612,51.483828412211174
121.91582107543945,51.04075154045207
122.64151048660278,52.15648833240392
123.36719989776611,53.20236516569543
124.09288930892944,45.6171783521376
124.81857872009277,46.66138008769555
125.5442681312561,45.35242405777415
126.26995754241943,39.32669526783857
126.99564695358276,38.75404276875505
127.7213363647461,43.959686858526794
128.44702577590942,40.77226789948454
129.17271518707275,37.66769325764953
129.89840459823608,38.37221531164707
130.6240940093994,35.87647646509542
131.34978342056274,30.571399161782036
132.07547283172607,29.499531708275608
132.8011622428894,29.812363995668896
133.52685165405273,29.29116657304293
134.25254106521606,26.889844111892646
134.9782304763794,25.990212517912042
135.70391988754272,23.585313442762164
136.42960929870605,25.756241158267045
137.15529870986938,24.95491904478521
137.88098812103271,24.193793720381905
138.60667753219604,21.630521904957522
139.33236694335938,20.701248965466803
140.0580563545227,21.88809229321338
140.78374576568604,20.515154816079104
141.50943517684937,20.95104071648549
142.2351245880127,20.65585463074119
142.96081399917603,19.943224182648034
143.68650341033936,19.144154927586484
144.41219282150269,18.630812670176095
145.13788223266602,19.562871261592367
145.86357164382935,17.501088577394093
146.58926105499268,18.877118296081207
147.314950466156,18.842945498950577
148.04063987731934,17.50136481846391
148.76632928848267,16.22195987688846
149.492018699646,15.29299749146801
150.21770811080933,14.85538703683129
150.94339752197266,15.641956807969846
151.669086933136,15.667983630135492
152.39477634429932,17.21926537672537
153.12046575546265,15.68057504818855
153.84615516662598,14.87488295718102
154.5718445777893,14.475003977571857
155.29753398895264,14.042664124064634
156.02322340011597,15.15393368857649
156.7489128112793,16.36249876136594
157.47460222244263,16.71904070978362
158.20029163360596,15.870479128092173
158.9259810447693,16.161727030013402
159.65167045593262,16.127229625893463
160.37735986709595,17.190736873210476
161.10304927825928,17.21123333776956
161.8287386894226,17.3735166392212
162.55442810058594,16.698898836206315
163.28011751174927,16.255666702474738
164.0058069229126,17.052313299331374
164.73149633407593,18.566679770684576
165.45718574523926,18.89474332562888
166.1828751564026,18.45743666107819
166.90856456756592,19.08536385131626
167.63425397872925,21.017685779379196
168.35994338989258,20.399499109184696
169.0856328010559,19.88636381828988
169.81132221221924,21.596095695788126
170.53701162338257,22.644392824895608
171.2627010345459,21.179984339535377
171.98839044570923,22.156588250369232
172.71407985687256,22.350180829500196
173.4397692680359,22.881701515088487
174.16545867919922,24.254979361967024
174.89114809036255,24.478545086078263
175.61683750152588,24.13482009151178
176.3425269126892,25.327050072589554
177.06821632385254,27.543815352162024
177.79390573501587,29.021250672413146
178.5195951461792,29.16973545767871
179.24528455734253,28.858906877491503
179.97097396850586,30.31753060135481
180.6966633796692,32.25120595728366
181.42235279083252,35.744355986858466
182.14804220199585,33.3746655124878
182.87373161315918,34.58712624801321
183.5994210243225,37.45366068891777
184.32511043548584,39.44170533058371
185.05079984664917,38.675046482581784
185.7764892578125,37.39808440069922
186.50217866897583,38.126280450548116
187.22786808013916,35.98233041557356
187.9535574913025,37.99028563261996
188.67924690246582,39.58759962466199
189.40493631362915,41.610019282392905
190.13062572479248,42.27027274729775
190.8563151359558,40.6954081227455
191.58200454711914,38.65666969091436
192.30769395828247,41.97838479294181
193.0333833694458,39.81429219472649
193.75907278060913,43.75840661289118
194.48476219177246,42.98459280319154
195.2104516029358,41.493593358017804
195.93614101409912,42.48255407481118
196.66183042526245,43.13657345301374
197.38751983642578,40.98805839288573
198.1132092475891,43.56479642601454
198.83889865875244,45.473981523224865
199.56458806991577,44.946706304340374
200.2902774810791,44.97944561045767
201.01596689224243,45.90165721011156
201.74165630340576,46.71652032017672
202.4673457145691,46.93374064760569
203.19303512573242,49.39459649188957
203.91872453689575,47.83687766610114
204.64441394805908,47.81129885692808
205.3701033592224,51.74059426902444
206.09579277038574,53.8879810379664
206.82148218154907,53.81748880008534
207.5471715927124,51.70516278504016
208.27286100387573,52.86575206152913
208.99855041503906,58.198059335949836
209.7242398262024,56.83211918597714
210.44992923736572,55.25028418183045
211.17561864852905,55.916242255345814
211.90130805969238,57.074682324429176
212.6269974708557,55.9501700247848
213.35268688201904,55.9156044013246
214.07837629318237,53.900371667413744
214.8040657043457,53.73638584880886
215.52975511550903,53.84839324800457
216.25544452667236,57.67830411033604
216.9811339378357,57.421480323014826
217.70682334899902,57.00642549271882
218.43251276016235,58.70226210736864
219.15820217132568,58.68275124627532
219.883891582489,56.913491832107404
220.60958099365234,52.52567161064549
221.33527040481567,57.89208194910989
222.060959815979,63.01109812165696
222.78664922714233,60.01714335401718
223.51233863830566,55.62463372371552
224.238028049469,53.26935801254502
224.96371746063232,55.458948547083246
225.68940687179565,60.23105316916652
226.41509628295898,59.40945040744305
227.14078569412231,58.3108405265402
227.86647510528564,56.677687077372134
228.59216451644897,56.69304469969348
229.3178539276123,51.71889412757435
230.04354333877563,50.697913206411215
230.76923274993896,52.77027798472013
231.4949221611023,50.64660758619517
232.22061157226562,52.97212216175579
232.94630098342896,51.46285387695389
233.67199039459229,50.63731166978384
234.39767980575562,49.02079280443981
235.12336921691895,45.94342384507772
235.84905862808228,51.377147390729405
236.5747480392456,51.08297668257804
237.30043745040894,48.72138816220587
238.02612686157227,48.43109630324299
238.7518162727356,47.82771027231514
239.47750568389893,49.78099087395477
240.20319509506226,50.38067318687364
240.9288845062256,42.98531702918133
241.65457391738892,41.71068909070056
242.38026332855225,43.49619849884862
243.10595273971558,43.09027671798446
243.8316421508789,40.49295817700241
244.55733156204224,45.052021093832515
245.28302097320557,50.27756942862723
246.0087103843689,48.60021226713065
246.73439979553223,42.677159372120535
247.46008920669556,40.41293762542144
248.1857786178589,37.83517365969829
248.91146802902222,38.24473218368426
249.63715744018555,36.148852045146725
250.36284685134888,35.58729560012504
251.0885362625122,37.47939351788188
251.81422567367554,39.97455813054311
252.53991508483887,39.685834566327266
253.2656044960022,37.113310634688276
253.99129390716553,38.37408053125148
254.71698331832886,37.644688175550364
255.4426727294922,34.79411243870705
256.1683621406555,38.09538127620654
256.89405155181885,37.65835778871471
257.6197409629822,36.230848924302364
258.3454303741455,35.20677746451097
259.07111978530884,35.032194537845335
259.79680919647217,36.7612841114037
260.5224986076355,37.03384630055092
261.2481880187988,32.11524992332403
261.97387742996216,33.80464997777906
262.6995668411255,36.94597767823456
263.4252562522888,31.760839756035814
264.15094566345215,31.70383795899433
264.8766350746155,31.129206042613294
265.6023244857788,30.361866742781977
266.32801389694214,32.052149970600354
267.05370330810547,31.125676603940253
267.7793927192688,32.377404262413464
268.50508213043213,32.87299970426047
269.23077154159546,31.711642986746206
269.9564609527588,30.551226238238844
270.6821503639221,30.70023137921317
271.40783977508545,31.32556276070113
272.1335291862488,30.50258868826438
272.8592185974121,31.77438834924548
273.58490800857544,33.086251674246796
274.31059741973877,32.23011702657005
275.0362868309021,30.176014172777393
275.76197624206543,31.630809883653185
276.48766565322876,30.66392232918841
277.2133550643921,32.72163538960988
277.9390444755554,32.09563920523782
278.66473388671875,29.64556403209555
279.3904232978821,29.620165505899312
280.1161127090454,32.21897978243535
280.84180212020874,33.13414490379254
281.56749153137207,34.14318103689657
282.2931809425354,31.30600350113971
283.01887035369873,32.10831285658895
283.74455976486206,33.66861842325708
284.4702491760254,33.25537817702846
285.1959385871887,32.6553617600183
285.92162799835205,32.790502913949894
286.6473174095154,35.06447029426809
287.3730068206787,33.706094109941155
288.09869623184204,33.904795643864105
288.82438564300537,35.8474536059
289.5500750541687,35.66864051141721
290.27576446533203,32.8786702393974
291.00145387649536,34.03948791480709
291.7271432876587,35.49938971029843
292.452832698822,38.3359589917337
293.17852210998535,40.09070135075585
293.9042115211487,38.12971833107161
294.629900932312,37.494619101415076
295.35559034347534,38.774831775948215
296.0812797546387,35.61851889912759
296.806969165802,37.03976661946404
297.53265857696533,39.82290948643433
298.25834798812866,40.61926304157157
298.984037399292,39.23924824836461
299.7097268104553,40.971326224577375
300.43541622161865,36.46429463047983
301.161105632782,36.69868325595796
301.8867950439453,42.51614660536936
302.61248445510864,44.20813510454748
303.338173866272,43.325486260331296
304.0638632774353,42.13766218616137
304.78955268859863,44.55308940704014
305.51524209976196,44.78795004571673
306.2409315109253,44.836036706838165
306.9666209220886,46.12162630590534
307.69231033325195,44.327052435339695
308.4179997444153,45.25534845781851
309.1436891555786,48.26131438911922
309.86937856674194,44.176016530205175
310.5950679779053,47.57576678929692
311.3207573890686,48.039558273095956
312.04644680023193,51.65665721486801
312.77213621139526,53.7061591907728
313.4978256225586,50.88437586116903
314.2235150337219,48.202943289436675
314.94920444488525,47.08932186744505
315.6748938560486,52.737292396506696
316.4005832672119,58.083011346265785
317.12627267837524,51.26152118182432
317.8519620895386,53.34480490108159
318.5776515007019,54.32388220488058
319.30334091186523,50.94209141311746
320.02903032302856,56.76548866216084
320.7547197341919,55.401041262652384
321.4804091453552,51.40216804768844
322.20609855651855,57.703640582924216
322.9317879676819,54.906144340753194
323.6574773788452,52.559083176686244
324.38316679000854,58.20787814034797
325.1088562011719,62.00748403516898
325.8345456123352,62.61805876004023
326.56023502349854,65.46675722919534
327.28592443466187,66.20324590881708
328.0116138458252,67.36981974562698
328.7373032569885,63.27713945707921
329.46299266815186,67.84511558171813
330.1886820793152,66.5694920029731
330.9143714904785,69.50691396240885
331.64006090164185,73.76003655919854
332.3657503128052,74.58323754869744
333.0914397239685,76.18920863709423
333.81712913513184,74.01818231997538
334.54281854629517,77.77053483980951
335.2685079574585,76.51138803906935
335.9941973686218,78.89575273723511
336.71988677978516,78.33831612259578
337.4455761909485,79.56639704503682
338.1712656021118,74.20991260622132
338.89695501327515,74.14967952809839
339.6226444244385,79.07387405110742
340.3483338356018,89.18298209492607
341.07402324676514,80.42908673130702
341.79971265792847,75.97909526501448
342.5254020690918,79.15168474333922
343.2510914802551,81.1501164972063
343.97678089141846,84.44199202176873
344.7024703025818,85.0595581956345
345.4281597137451,87.86952529277393
346.15384912490845,84.85725426038358
346.8795385360718,90.52316128478498
347.6052279472351,89.60080042689474
348.33091735839844,90.85940180410759
349.05660676956177,80.04884312329547
349.7822961807251,73.01866776562004
350.5079855918884,76.39316717237993
351.23367500305176,78.76271635486582
351.9593644142151,76.72607706639731
352.6850538253784,75.99960118565085
353.41074323654175,77.28150998527938
354.1364326477051,65.39095368736476
354.8621220588684,61.81054711565785
355.58781147003174,61.53532490878918
356.31350088119507,62.54944327114136
357.0391902923584,58.27943598680132
357.76487970352173,58.92545950135846
358.49056911468506,61.824747397773606
359.2162585258484,56.000070468231435
359.9419479370117,51.790504456848694
360.66763734817505,51.78013700261861
361.3933267593384,53.88960278412139
362.1190161705017,54.19502422643215
362.84470558166504,57.50901635692627
363.57039499282837,58.151226563014404
364.2960844039917,58.128302099704186
365.02177381515503,55.246337961880805
365.74746322631836,54.12397337360899
366.4731526374817,55.340076455833845
367.198842048645,54.608206308593545
367.92453145980835,55.80489675724604
368.6502208709717,52.34084190224651
369.375910282135,57.19755770628071
370.10159969329834,57.328401032142544
370.82728910446167,55.24256031784911
371.552978515625,55.56320656102391
372.27866792678833,61.50184109721402
373.00435733795166,64.02729533645338
373.730046749115,61.62759902086
374.4557361602783,58.966993198141324
375.18142557144165,59.782785073263426
375.907114982605,61.66983165582205
376.6328043937683,64.4551558449186
377.35849380493164,67.96327005022312
378.08418321609497,68.35437535179652
378.8098726272583,67.77371306371438
379.53556203842163,67.35921724373569
380.26125144958496,66.86181981038519
380.9869408607483,72.44932829707456
381.7126302719116,74.05081577614271
382.43831968307495,73.70339492470468
383.1640090942383,68.49382405292239
383.8896985054016,65.17652656573057
384.61538791656494,68.30506698206827
385.34107732772827,68.13005451089751
386.0667667388916,70.87123178644768
386.79245615005493,71.69785261072742
387.51814556121826,66.85275181512868
388.2438349723816,70.01299637446817
388.9695243835449,68.15348274451715
389.69521379470825,67.8173067098638
390.4209032058716,71.78099270502044
391.1465926170349,71.54670265510212
391.87228202819824,66.0214258988486
392.5979714393616,62.11406766868183
393.3236608505249,57.98162504935282
394.04935026168823,61.78886977745307
394.77503967285156,64.11477913277429
395.5007290840149,62.660726105843
396.2264184951782,56.271144554345014
396.95210790634155,50.52194785530213
397.6777973175049,49.64862408881751
398.4034867286682,50.296621778868456
399.12917613983154,48.13077683232998
399.8548655509949,48.53313455851914
400.5805549621582,47.717342233135234
401.30624437332153,44.92916403527691
402.03193378448486,46.509759808420206
402.7576231956482,44.76851252428108
403.4833126068115,40.2476775570434
404.20900201797485,41.671650843866715
404.9346914291382,39.837607114686094
405.6603808403015,38.132705746465035
406.38607025146484,38.301298173872176
407.1117596626282,39.87855225951064
407.8374490737915,39.60400442428164
408.56313848495483,38.121231746063565
409.28882789611816,34.93903426315879
410.0145173072815,33.09696212856198
410.7402067184448,34.975554731305124
411.46589612960815,30.146643299266323
412.1915855407715,30.260597302130307
412.9172749519348,31.038193565514305
413.64296436309814,29.802275009110872
414.3686537742615,29.777510442401823
415.0943431854248,28.99382310214476
415.82003259658813,25.85415799828885
416.54572200775146,25.5367508601538
417.2714114189148,26.769339686828094
417.9971008300781,25.06079383912672
418.72279024124146,24.99696043539356
419.4484796524048,24.61023324328071
420.1741690635681,23.591071767106623
420.89985847473145,23.524868633040906
421.6255478858948,23.25940217244165
422.3512372970581,22.548067060113958
423.07692670822144,20.503897371240335
423.80261611938477,20.504672744016712
424.5283055305481,19.749842662632165
425.2539949417114,20.772321089312616
425.97968435287476,20.221960159578195
426.7053737640381,19.74472794075481
427.4310631752014,19.106170796864394
428.15675258636475,19.23539383784931
428.8824419975281,17.36425345346605
429.6081314086914,18.180960516574455
430.33382081985474,19.86693860205832
431.05951023101807,19.822848890895077
431.7851996421814,19.135555112137236
432.5108890533447,19.55591049197088
433.23657846450806,19.658325718819825
433.9622678756714,20.21759858580383
434.6879572868347,20.43622573431118
435.41364669799805,19.883790820213054
436.1393361091614,18.389435679529715
436.8650255203247,19.031879026167214
437.59071493148804,20.724327613429367
438.31640434265137,22.437228100093833
439.0420937538147,21.641188642259653
439.767783164978,20.520338430996667
440.49347257614136,19.565204532526128
441.2191619873047,19.957143389043896
441.944851398468,19.49069877520015
442.67054080963135,19.78105464152865
443.3962302207947,20.048944209366127
444.121919631958,21.137554973374524
444.84760904312134,22.506197838708584
445.57329845428467,22.175879457803422
446.298987865448,20.484697374410445
447.0246772766113,21.487548824870473
447.75036668777466,21.11543435958522
448.476056098938,20.347289099498408
449.2017455101013,21.053401988232427
449.92743492126465,21.308756370535438
450.653124332428,20.020912835799777
451.3788137435913,21.020383676174816
452.10450315475464,22.505967141354244
452.83019256591797,22.00601046765762
453.5558819770813,20.01298210964458
454.28157138824463,21.18787827360692
455.00726079940796,21.611143263180896
455.7329502105713,22.387183093042825
456.4586396217346,22.796020355313406
457.18432903289795,23.540737968476535
457.9100184440613,23.438376934342624
458.6357078552246,23.669492809106256
459.36139726638794,21.867433117019495
460.08708667755127,22.855856043066805
460.8127760887146,22.79971924445649
461.53846549987793,24.192940917912672
462.26415491104126,27.346249309412432
462.9898443222046,25.37883248227354
463.7155337333679,24.46070407906068
464.44122314453125,25.175935835967092
465.1669125556946,26.75227357331679
465.8926019668579,28.143642392679688
466.61829137802124,31.020257690715876
467.34398078918457,31.102643423897987
468.0696702003479,28.08187029453444
468.79535961151123,28.25924328074603
469.52104902267456,28.87815084719427
470.2467384338379,29.02171468504502
470.9724278450012,28.727277157916465
471.69811725616455,30.743467948648366
472.4238066673279,34.29758595632728
473.1494960784912,36.3482655514827
473.87518548965454,34.468574811291
474.60087490081787,32.07016518923939
475.3265643119812,35.53742284848245
476.05225372314453,36.97106313536059
476.77794313430786,38.70694953877605
477.5036325454712,37.22081292007655
478.2293219566345,36.1023390192452
478.95501136779785,36.41321272621292
479.6807007789612,35.91470511698637
480.4063901901245,36.759244632128784
481.13207960128784,37.424399776148775
481.8577690124512,34.26857539340975
482.5834584236145,36.20596512309815
483.30914783477783,34.66671648078901
484.03483724594116,34.30787526661415
484.7605266571045,36.87354286683549
485.4862160682678,36.52757369128198
486.21190547943115,34.45278341359206
486.9375948905945,35.78926645182568
487.6632843017578,36.606918438043
488.38897371292114,36.685660602446646
489.1146631240845,33.9556252191466
489.8403525352478,30.958303704532483
490.56604194641113,32.78923329409032
491.29173135757446,31.1227141998569
492.0174207687378,32.396163222037586
492.7431101799011,31.681470940045074
493.46879959106445,29.92532326559077
494.1944890022278,33.48158079084039
494.9201784133911,31.800190719237133
495.64586782455444,29.173640896092657
496.3715572357178,28.896523495217792
497.0972466468811,30.091083568576884
497.82293605804443,30.157194432186316
498.54862546920776,30.057240501020978
499.2743148803711,31.387290411249502
500.0000042915344,30.823119409372136
500.72569370269775,29.401811160973736
501.4513831138611,27.91790026950337
502.1770725250244,28.486277704594954
502.90276193618774,29.36266724312834
503.6284513473511,28.100164662224184
504.3541407585144,28.413937754715068
505.07983016967773,29.066402017955895
505.80551958084106,28.483171311138403
506.5312089920044,27.586157853231995
507.2568984031677,29.416794466204816
507.98258781433105,30.593351456385726
508.7082772254944,29.18146274661458
509.4339666366577,28.554723227052747
510.15965604782104,27.82782683325931
510.8853454589844,30.831709481933018
511.6110348701477,31.248337221277538
512.336724281311,30.503126801103807
513.0624136924744,30.678842973624104
513.7881031036377,31.07720493872757
514.513792514801,29.712618590436893
515.2394819259644,28.62994739953672
515.9651713371277,28.57040968431301
516.690860748291,29.219178042636514
517.4165501594543,29.837498529262053
518.1422395706177,29.92165449437595
518.867928981781,29.731512708136286
519.5936183929443,30.209518829162267
520.3193078041077,30.273385266123892
521.044997215271,29.716406024416024
521.7706866264343,27.0688747930028
522.4963760375977,27.191962467692882
523.222065448761,28.34460875733089
523.9477548599243,29.561611736871175
524.6734442710876,29.967094964077596
525.399133682251,30.017798027791795
526.1248230934143,28.4310867342327
526.8505125045776,28.0419959718259
527.576201915741,29.55517747906733
528.3018913269043,30.961586831189784
529.0275807380676,32.71379138255805
529.753270149231,29.618944498703286
530.4789595603943,28.7533003562019
531.2046489715576,30.68213913528983
531.930338382721,27.82783726252406
532.6560277938843,28.318216894088998
533.3817172050476,26.747412785034154
534.1074066162109,25.67462240787283
534.8330960273743,27.68405620976693
535.5587854385376,29.10295914281002
536.2844748497009,28.21731140381208
537.0101642608643,28.852387020396893
537.7358536720276,27.00182413124781
538.4615430831909,25.44243914117267
539.1872324943542,26.09055063979094
539.9129219055176,26.51879123984818
540.6386113166809,27.982065271272923
541.3643007278442,27.156614841227217
542.0899901390076,26.457452739081614
542.8156795501709,24.691128000011723
543.5413689613342,27.082156559787204
544.2670583724976,26.411754660154596
544.9927477836609,27.0170913433686
545.7184371948242,24.87288562382911
546.4441266059875,25.448705092924754
547.1698160171509,28.694651679906723
547.8955054283142,26.98403815278734
548.6211948394775,25.452110847422713
549.3468842506409,26.79719061067446
550.0725736618042,25.059151120393988
550.7982630729675,23.36931446445463
551.5239524841309,22.975584145207673
552.2496418952942,23.549907416558394
552.9753313064575,24.737066691534842
553.7010207176208,23.739111179094834
554.4267101287842,23.510200893643802
555.1523995399475,23.71740899509886
555.8780889511108,23.77581681183519
556.6037783622742,22.8819716623929
557.3294677734375,20.56037965004794
558.0551571846008,22.222777669575894
558.7808465957642,23.662400917145856
559.5065360069275,22.341070818026708
560.2322254180908,20.57876450669892
560.9579148292542,20.71615022345439
561.6836042404175,21.38907187853744
562.4092936515808,21.33043802201313
563.1349830627441,20.628188939953304
563.8606724739075,21.06991445251947
564.5863618850708,22.135466708902083
565.3120512962341,20.43605549156474
566.0377407073975,20.746882578415963
566.7634301185608,19.498557449629754
567.4891195297241,19.597919237183213
568.2148089408875,20.97793461738632
568.9404983520508,19.497437702139116
569.6661877632141,17.95943663870214
570.3918771743774,18.034676511997898
571.1175665855408,19.125598259315627
571.8432559967041,19.164540577067466
572.5689454078674,18.682711477257474
573.2946348190308,18.13496699724959
574.0203242301941,18.111779030668508
574.7460136413574,18.728114681241316
575.4717030525208,19.77566548424934
576.1973924636841,20.431048701987677
576.9230818748474,20.520758272329026
577.6487712860107,20.383203396281832
578.3744606971741,19.92094317141779
579.1001501083374,21.47179352025399
579.8258395195007,20.053453305840588
580.5515289306641,19.7247540753747
581.2772183418274,20.05936593566918
582.0029077529907,20.677308718438983
582.728597164154,20.99836021142019
583.4542865753174,20.144773157463966
584.1799759864807,20.026476870046825
584.905665397644,19.228306352264088
585.6313548088074,19.791382258275476
586.3570442199707,20.141442655973982
587.082733631134,20.0489074144151
587.8084230422974,19.700893084276526
588.5341124534607,20.82013624059284
589.259801864624,20.045432174967473
589.9854912757874,19.33734844478794
590.7111806869507,21.452728478806662
591.436870098114,21.50115441163116
592.1625595092773,21.038583270845866
592.8882489204407,19.573736155967435
593.613938331604,20.920144493722468
594.3396277427673,22.616592614788125
595.0653171539307,22.118806659739413
595.791006565094,22.722847208433866
596.5166959762573,21.93783914888412
597.2423853874207,23.132903381177968
597.968074798584,21.951812609729757
598.6937642097473,21.7028989956972
599.4194536209106,22.61062140991887
600.145143032074,23.922266520530655
600.8708324432373,23.453103334876676
601.5965218544006,21.761867080601068
602.322211265564,20.820953427977592
603.0479006767273,22.423150784761813
603.7735900878906,22.906612361368815
604.499279499054,22.611646124973625
605.2249689102173,22.88517385107245
605.9506583213806,22.096118432894485
606.676347732544,23.245158048534172
607.4020371437073,21.232740653755368
608.1277265548706,20.709276846987883
608.8534159660339,22.180315247557566
609.5791053771973,21.431778130669827
610.3047947883606,20.81603606057052
611.0304841995239,20.72862658661709
611.7561736106873,22.463469469606377
612.4818630218506,22.443422027658645
613.2075524330139,22.792755710169097
613.9332418441772,23.66076925592879
614.6589312553406,24.563724959566706
615.3846206665039,25.818389164664083
616.1103100776672,23.281797858568066
616.8359994888306,23.363015108087616
617.5616888999939,21.2574335457133
618.2873783111572,23.497913221972947
619.0130677223206,23.126979333131647
619.7387571334839,23.433096714827887
620.4644465446472,24.282981780979572
621.1901359558105,23.42983912925128
621.9158253669739,24.121215400432128
622.6415147781372,25.381418168160316
623.3672041893005,25.259632518311587
624.0928936004639,25.334548643859705
624.8185830116272,26.623720458561607
625.5442724227905,25.304475544435835
626.2699618339539,25.323145163489965
626.9956512451172,26.32960000934103
627.7213406562805,24.223264420792393
628.4470300674438,24.871040534396734
629.1727194786072,27.067434168833458
629.8984088897705,26.36971392970316
630.6240983009338,24.88878297248995
631.3497877120972,25.084248876957837
632.0754771232605,26.5497968799754
632.8011665344238,27.006702633017454
633.5268559455872,27.85595756367163
634.2525453567505,28.093247185495745
634.9782347679138,25.495882589390504
635.7039241790771,25.829404182437717
636.4296135902405,26.77356367384922
637.1553030014038,26.775253459318595
637.8809924125671,26.06911617243541
638.6066818237305,25.581211996350422
639.3323712348938,25.582025151549036
640.0580606460571,25.890908502787564
640.7837500572205,26.997145845863773
641.5094394683838,27.95426003689239
642.2351288795471,25.117356084248744
642.9608182907104,25.62724844831113
643.6865077018738,24.141621940804754
644.4121971130371,23.34446010975612
645.1378865242004,23.82669474994795
645.8635759353638,25.536260218041274
646.5892653465271,26.7757557827071
647.3149547576904,26.333815181626747
648.0406441688538,28.338410544349024
648.7663335800171,28.081268855584156
649.4920229911804,26.710376489738906
650.2177124023438,26.803023094755286
650.9434018135071,25.313590377564708
651.6690912246704,26.209309735735175
652.3947806358337,27.621136309405113
653.1204700469971,27.53038425427548
653.8461594581604,28.621924413204038
654.5718488693237,27.930580833952163
655.2975382804871,25.063241043470676
656.0232276916504,26.054157548647662
656.7489171028137,25.132501085942124
657.474606513977,25.555132951790544
658.2002959251404,28.667169700596762
658.9259853363037,26.84120205663935
659.651674747467,28.019619410177857
660.3773641586304,28.653580290780873
661.1030535697937,27.910154768546406
661.828742980957,25.96460384192934
662.5544323921204,26.941474024158012
663.2801218032837,30.19056550091193
664.005811214447,29.011374602671015
664.7315006256104,27.980661548411604
665.4571900367737,28.976888198090585
666.182879447937,28.872546775529273
666.9085688591003,30.288179244385045
667.6342582702637,30.717806254041452
668.359947681427,29.096757744133267
669.0856370925903,27.28914119033219
669.8113265037537,26.990255941493484
670.537015914917,27.914419821653187
671.2627053260803,27.642206525687786
671.9883947372437,28.58011975117849
672.714084148407,27.281621069070994
673.4397735595703,28.007145453149462
674.1654629707336,29.121357198251285
674.891152381897,27.118994522601355
675.6168417930603,26.458278130988138
676.3425312042236,27.284561239154556
677.068220615387,28.78379341895574
677.7939100265503,28.563250943728086
678.5195994377136,27.994472117710608
679.245288848877,28.94680442529469
679.9709782600403,29.938559082113876
680.6966676712036,28.28948021439084
681.422357082367,27.191086661500975
682.1480464935303,27.57189808881253
682.8737359046936,28.951800571191608
683.5994253158569,28.44623213159483
684.3251147270203,30.133384412522354
685.0508041381836,29.459565502857007
685.7764935493469,27.842410586140197
686.5021829605103,26.19937449723177
687.2278723716736,28.118231556686194
687.9535617828369,29.416023586271507
688.6792511940002,28.331881341099905
689.4049406051636,30.071047478740418
690.1306300163269,28.698341984745387
690.8563194274902,28.628262191459225
691.5820088386536,29.792075072909558
692.3076982498169,30.51126522821354
693.0333876609802,28.671230480257854
693.7590770721436,26.443892976306522
694.4847664833069,25.406435770719824
695.2104558944702,26.2380722159417
695.9361453056335,25.89454744726088
696.6618347167969,25.393386639508925
697.3875241279602,25.84857085797852
698.1132135391235,25.425387471825335
698.8389029502869,26.875349730997854
699.5645923614502,27.653332077804887
700.2902817726135,24.801607154261937
701.0159711837769,24.555132778117944
701.7416605949402,24.516117234775674
702.4673500061035,25.43390675566027
703.1930394172668,26.708169156478192
703.9187288284302,27.724551638921792
704.6444182395935,26.18093933287171
705.3701076507568,25.787565337685937
706.0957970619202,25.478439977472494
706.8214864730835,25.39901003617914
707.5471758842468,25.690070125940846
708.2728652954102,23.793148173875895
708.9985547065735,22.481616477861948
709.7242441177368,23.27148676729536
710.4499335289001,23.21017092167672
711.1756229400635,22.873879859350886
711.9013123512268,23.801800831618756
712.6270017623901,22.029478365225067
713.3526911735535,21.728476936990486
714.0783805847168,22.10903345587896
714.8040699958801,23.523103916731326
715.5297594070435,25.42618277647162
716.2554488182068,24.008867600166408
716.9811382293701,23.013094632489892
717.7068276405334,24.539888118343423
718.4325170516968,23.033489973822018
719.1582064628601,22.692426157634497
719.8838958740234,21.566327771704827
720.6095852851868,20.140014854036103
721.3352746963501,19.903558293834173
722.0609641075134,22.732507912818303
722.7866535186768,23.376137428311672
723.5123429298401,22.551708746059425
724.2380323410034,23.668106279875193
724.9637217521667,23.389576991044216
725.6894111633301,24.136644978902762
726.4151005744934,22.614037340476294
727.1407899856567,23.20314527750491
727.8664793968201,23.33903618014057
728.5921688079834,22.470442566405907
729.3178582191467,24.038402926761172
730.0435476303101,22.656671597629344
730.7692370414734,22.81776874181974
731.4949264526367,23.184974519246122
732.2206158638,23.915353398736887
732.9463052749634,23.69401882701072
733.6719946861267,23.380137086628135
734.39768409729,23.077400451332295
735.1233735084534,23.984589912170993
735.8490629196167,22.867771739001515
736.57475233078,22.105415770687014
737.3004417419434,23.616744692999205
738.0261311531067,23.736146568933414
738.75182056427,22.510723240693544
739.4775099754333,22.517970060501945
740.2031993865967,22.622955741184878
740.92888879776,23.149645159305877
741.6545782089233,25.857962846291564
742.3802676200867,24.6457656999292
743.10595703125,22.615886543318073
743.8316464424133,21.745068728559524
744.5573358535767,23.44556959564111
745.28302526474,23.375983731277017
746.0087146759033,22.802351298247814
746.7344040870667,23.70920191103945
747.46009349823,23.562188507484997
748.1857829093933,23.45019456830867
748.9114723205566,24.120361255144722
749.63716173172,24.334464272702334
750.3628511428833,24.13870894413963
751.0885405540466,25.541447008357604
751.81422996521,26.371441875737357
752.5399193763733,25.784774378272953
753.2656087875366,27.192302443168092
753.9912981987,27.108027848005896
754.7169876098633,24.77560547312844
755.4426770210266,25.850160636536675
756.1683664321899,24.5676268511776
756.8940558433533,22.118009037180915
757.6197452545166,24.13395045358864
758.3454346656799,23.678937943839706
759.0711240768433,24.659217345094778
759.7968134880066,25.22068400182592
760.5225028991699,26.151835012319903
761.2481923103333,26.488385264154886
761.9738817214966,25.8522742268449
762.6995711326599,24.315122132111245
763.4252605438232,24.506184237710304
764.1509499549866,25.097463511218614
764.8766393661499,26.188337775227094
765.6023287773132,26.76937238928077
766.3280181884766,25.680590462961703
767.0537075996399,25.49099832832824
767.7793970108032,26.364484750068137
768.5050864219666,25.688600297732524
769.2307758331299,24.693401339527185
769.9564652442932,26.10120764195894
770.6821546554565,26.021691872649026
771.4078440666199,23.279266339043893
772.1335334777832,24.278351899287177
772.8592228889465,24.157326541235932
773.5849123001099,24.550790896702804
774.3106017112732,25.534549679486833
775.0362911224365,25.701518948185747
775.7619805335999,24.124686619094142
776.4876699447632,22.94065888360076
777.2133593559265,21.07958313881706
777.9390487670898,20.556388919810924
778.6647381782532,22.61867924936323
779.3904275894165,22.15100600114008
780.1161170005798,22.497912593312865
780.8418064117432,22.212423313263283
781.5674958229065,22.760903316046047
782.2931852340698,20.677428301748485
783.0188746452332,20.90955055450429
783.7445640563965,20.782214162074553
784.4702534675598,20.99344668106255
785.1959428787231,19.620237034577432
785.9216322898865,19.204493981798308
786.6473217010498,20.085346161579857
787.3730111122131,20.76916310755716
788.0987005233765,18.822543619380166
788.8243899345398,17.750575747141397
789.5500793457031,18.842750760380923
790.2757687568665,17.53723306215538
791.0014581680298,19.23483105157794
791.7271475791931,18.33525420752774
792.4528369903564,16.994983516063723
793.1785264015198,17.09058817303768
793.9042158126831,16.043949654387713
794.6299052238464,17.615173805919003
795.3555946350098,17.649404244097834
796.0812840461731,18.54917253166037
796.8069734573364,17.286561373845675
797.5326628684998,16.541994990629213
798.2583522796631,16.893073642990462
798.9840416908264,15.457765243974444
799.7097311019897,16.36660014370004
800.4354205131531,18.022653602041515
801.1611099243164,16.36987072473681
801.8867993354797,15.857228888253271
802.6124887466431,18.212584856960554
803.3381781578064,18.035149224478793
804.0638675689697,16.591246355067273
804.789556980133,17.215134373713607
805.5152463912964,17.7746023844938
806.2409358024597,17.636477501189248
806.966625213623,17.768537132558187
807.6923146247864,17.47834983162635
808.4180040359497,17.72989428685385
809.143693447113,17.37677984119403
809.8693828582764,17.03348970997189
810.5950722694397,16.49671141772193
811.320761680603,17.911161617717816
812.0464510917664,17.90457700578566
812.7721405029297,17.762689196513485
813.497829914093,17.896630436885026
814.2235193252563,18.129631195495495
814.9492087364197,18.24957236573631
815.674898147583,18.188100835267033
816.4005875587463,18.733945033890535
817.1262769699097,18.543680121977058
817.851966381073,18.829142163658297
818.5776557922363,19.02883055855021
819.3033452033997,19.86570492027463
820.029034614563,18.83218606493147
820.7547240257263,19.73788580807068
821.4804134368896,19.762663641401765
822.206102848053,20.21338619065586
822.9317922592163,21.437271340768863
823.6574816703796,20.482867723307226
824.383171081543,20.554805550981285
825.1088604927063,19.85560221643534
825.8345499038696,20.257629818924432
826.560239315033,20.10439861946188
827.2859287261963,19.96355914294558
828.0116181373596,18.919593165781755
828.737307548523,23.503969441293293
829.4629969596863,21.999683204877194
830.1886863708496,20.670241592597172
830.9143757820129,20.523155722479274
831.6400651931763,20.041043362111452
832.3657546043396,21.09697156414767
833.0914440155029,20.045173503366467
833.8171334266663,18.424904158825974
834.5428228378296,19.60989077505133
835.2685122489929,21.16499009897029
835.9942016601562,20.576908676466694
836.7198910713196,20.06521556500496
837.4455804824829,20.938345780750442
838.1712698936462,20.94709357011728
838.8969593048096,18.680820778133903
839.6226487159729,19.133777999611514
840.3483381271362,19.48877267827408
841.0740275382996,19.317550955382472
841.7997169494629,20.110604908615112
842.5254063606262,19.540254213109314
843.2510957717896,20.67972517362753
843.9767851829529,19.488124772997697
844.7024745941162,18.998933805754056
845.4281640052795,19.726863098626378
846.1538534164429,20.221810942650652
846.8795428276062,20.62967061119374
847.6052322387695,20.38241916270386
848.3309216499329,20.785607713314096
849.0566110610962,21.63832497002977
849.7823004722595,19.793608800042797
850.5079898834229,20.14631543872817
851.2336792945862,20.92362792260892
851.9593687057495,19.26512226769781
852.6850581169128,18.285436729392778
853.4107475280762,19.041188460786174
854.1364369392395,18.173192936135642
854.8621263504028,19.10704681133328
855.5878157615662,18.184609199963667
856.3135051727295,18.421234993369175
857.0391945838928,18.62912334305692
857.7648839950562,18.59456667296185
858.4905734062195,19.163972148794883
859.2162628173828,18.430505213661682
859.9419522285461,19.658540958111068
860.6676416397095,19.442852770822107
861.3933310508728,17.857652878671107
862.1190204620361,17.743051775539374
862.8447098731995,17.863130027245795
863.5703992843628,17.859455470533206
864.2960886955261,18.72913324192933
865.0217781066895,15.954704220208454
865.7474675178528,16.758847625048933
866.4731569290161,17.696399485102503
867.1988463401794,18.08287854966101
867.9245357513428,17.226558830633298
868.6502251625061,17.15727944114089
869.3759145736694,16.62914468353074
870.1016039848328,15.574630081692213
870.8272933959961,15.304844329567832
871.5529828071594,15.14105108938441
872.2786722183228,15.947513106416324
873.0043616294861,16.438688429413897
873.7300510406494,17.298106535625028
874.4557404518127,16.883008087964598
875.1814298629761,16.78514671232906
875.9071192741394,16.29417823346947
876.6328086853027,16.931273290748702
877.3584980964661,16.431740846178432
878.0841875076294,16.619760785589175
878.8098769187927,17.02036606543401
879.535566329956,15.92795686983819
880.2612557411194,15.600643753351987
880.9869451522827,15.746037299905495
881.712634563446,15.119087746134106
882.4383239746094,16.365472029881463
883.1640133857727,17.86152519932301
883.889702796936,17.544708144805618
884.6153922080994,16.67427330218263
885.3410816192627,17.173875350806536
886.066771030426,15.713525635651903
886.7924604415894,16.265380905981885
887.5181498527527,15.864745982174957
888.243839263916,15.690090600369013
888.9695286750793,16.1477090043255
889.6952180862427,16.60047194306552
890.420907497406,16.02463218782692
891.1465969085693,15.499788996682021
891.8722863197327,15.279049038270013
892.597975730896,15.736870585423489
893.3236651420593,14.824701399634613
894.0493545532227,16.942293548470126
894.775043964386,17.78412878342406
895.5007333755493,16.445191174364687
896.2264227867126,16.283829988436864
896.952112197876,15.112661850663507
897.6778016090393,15.584155950413395
898.4034910202026,16.410718504840293
899.129180431366,16.93643670018509
899.8548698425293,16.11866488895297
900.5805592536926,16.66038654675975
901.306248664856,16.116844777539693
902.0319380760193,16.306603061411703
902.7576274871826,15.256688658532314
903.483316898346,16.412259246352424
904.2090063095093,17.503297746100767
904.9346957206726,17.123649846333777
905.6603851318359,18.07935541768076
906.3860745429993,17.816657605604735
907.1117639541626,17.907618282737655
907.8374533653259,17.34004025337692
908.5631427764893,17.53808333900702
909.2888321876526,17.31926746110047
910.0145215988159,17.0820344175698
910.7402110099792,17.271642399151165
911.4659004211426,15.98563869697902
912.1915898323059,16.536282076369684
912.9172792434692,17.156043235387386
913.6429686546326,18.285758232125875
914.3686580657959,18.190920533986773
915.0943474769592,18.472697187310104
915.8200368881226,18.924786583656047
916.5457262992859,17.790285550055508
917.2714157104492,17.417342667967006
917.9971051216125,18.53464593173845
918.7227945327759,18.030918989706286
919.4484839439392,19.626790789287984
920.1741733551025,19.634076568461236
920.8998627662659,18.0186641137234
921.6255521774292,16.984764261755572
922.3512415885925,18.59660099957322
923.0769309997559,17.639254239103128
923.8026204109192,17.840634739310275
924.5283098220825,18.333085639091493
925.2539992332458,17.414564702500627
925.9796886444092,17.20848530722622
926.7053780555725,17.564847264766218
927.4310674667358,17.929942815306397
928.1567568778992,17.854573407409966
928.8824462890625,16.94757574769684
929.6081357002258,16.961482331423355
930.3338251113892,17.46922272204953
931.0595145225525,17.673859206374633
931.7852039337158,16.94600633442123
932.5108933448792,16.521946097756924
933.2365827560425,16.598324602324656
933.9622721672058,15.760416020565533
934.6879615783691,16.814802421327713
935.4136509895325,16.806268581281948
936.1393404006958,16.691043530266324
936.8650298118591,17.094955482321314
937.5907192230225,18.829424730353207
938.3164086341858,15.852447996261409
939.0420980453491,16.093968550057635
939.7677874565125,16.90411060866511
940.4934768676758,16.661428003740664
941.2191662788391,17.0980383642123
941.9448556900024,15.65367714931071
942.6705451011658,15.944727597661291
943.3962345123291,16.019970434686723
944.1219239234924,15.584668154988526
944.8476133346558,15.44159232163149
945.5733027458191,16.655024216939896
946.2989921569824,15.58147079377504
947.0246815681458,15.81795155636242
947.7503709793091,16.3076592966456
948.4760603904724,16.22678056322049
949.2017498016357,14.921855125476958
949.9274392127991,15.238411564120119
950.6531286239624,14.325720408847175
951.3788180351257,14.159541729361745
952.1045074462891,15.249465861592533
952.8301968574524,14.580540945517756
953.5558862686157,14.83515883651003
954.281575679779,14.555124719694339
955.0072650909424,13.436528780780009
955.7329545021057,13.003458425575461
956.458643913269,13.673379165044137
957.1843333244324,14.127801140786083
957.9100227355957,13.23247344507364
958.635712146759,12.713800126574922
959.3614015579224,13.507669410096176
960.0870909690857,13.229434359913164
960.812780380249,12.729133353632536
961.5384697914124,13.597452006273597
962.2641592025757,14.167916863415245
962.989848613739,13.673193809369241
963.7155380249023,14.405855780031908
964.4412274360657,12.886544067497645
965.166916847229,11.66235301235078
965.8926062583923,11.942637920956155
966.6182956695557,12.930413164801118
967.343985080719,12.792483345359194
968.0696744918823,12.549151455568428
968.7953639030457,12.809186207273692
969.521053314209,12.700807539518344
970.2467427253723,12.224274296524998
970.9724321365356,12.100512032056026
971.698121547699,13.030794591662357
972.4238109588623,13.048525327777192
973.1495003700256,12.721432405062476
973.875189781189,12.345871480723954
974.6008791923523,11.945177807393328
975.3265686035156,11.591439543474694
976.052258014679,12.542692814379963
976.7779474258423,12.670499787372307
977.5036368370056,11.587452903205119
978.229326248169,12.16322412954292
978.9550156593323,12.18836150854139
979.6807050704956,12.094980742027285
980.4063944816589,12.274127519999361
981.1320838928223,11.60965571799141
981.8577733039856,12.290183061382864
982.5834627151489,11.661799885166188
983.3091521263123,11.49241460700344
984.0348415374756,12.205932235511343
984.7605309486389,12.159739522953611
985.4862203598022,12.305345290188582
986.2119097709656,11.778668351839356
986.9375991821289,12.713838250734232
987.6632885932922,13.246851362434752
988.3889780044556,12.581515512825266
989.1146674156189,12.510409026574067
989.8403568267822,11.75067873864002
990.5660462379456,12.752826590530999
991.2917356491089,12.522419328496921
992.0174250602722,11.667080007260155
992.7431144714355,12.113688399696938
993.4688038825989,12.765697062470712
994.1944932937622,12.467201209190984
994.9201827049255,12.136063438119352
995.6458721160889,11.638423240084764
996.3715615272522,12.390776079126013
997.0972509384155,12.169529183865416
997.8229403495789,12.4376723452396
998.5486297607422,13.456157611898323
999.2743191719055,13.093396696263714
1000.0000085830688,13.129028526904056
1000.7256979942322,12.668159081161674
1001.4513874053955,12.305785301478391
1002.1770768165588,12.399459515288987
1002.9027662277222,12.65560473872966
1003.6284556388855,12.71639160372949
1004.3541450500488,12.660458521962004
1005.0798344612122,12.434552687090804
1005.8055238723755,12.44944041845845
1006.5312132835388,12.221996547427226
1007.2569026947021,11.111640310693996
1007.9825921058655,11.263902488268421
1008.7082815170288,11.384045157746774
1009.4339709281921,11.492609401455347
1010.1596603393555,11.976074246458865
1010.8853497505188,12.082116532948136
1011.6110391616821,12.27478592401659
1012.3367285728455,12.988808660647809
1013.0624179840088,12.640543176898609
1013.7881073951721,12.795804108451545
1014.5137968063354,12.086138132308037
1015.2394862174988,12.32646982024972
1015.9651756286621,12.928864818123808
1016.6908650398254,12.407877404964738
1017.4165544509888,11.606372393974436
1018.1422438621521,12.201880007869223
1018.8679332733154,12.641884532621956
1019.5936226844788,12.332102316616618
1020.3193120956421,12.543804107264254
1021.0450015068054,13.533494191899175
1021.7706909179688,12.579254896379805
1022.4963803291321,12.86014125129432
1023.2220697402954,12.618685959340617
1023.9477591514587,12.535433477770564
1024.673448562622,12.802813838474895
1025.3991379737854,12.934743973587915
1026.1248273849487,13.074231509802429
1026.850516796112,12.88229179311802
1027.5762062072754,12.850157601189805
1028.3018956184387,12.943066779215664
1029.027585029602,13.664219937257613
1029.7532744407654,13.583516312123876
1030.4789638519287,13.895895376315465
1031.204653263092,13.951091448629539
1031.9303426742554,13.365249182114825
1032.6560320854187,13.172046666022124
1033.381721496582,12.85471070009383
1034.1074109077454,12.428057933873864
1034.8331003189087,13.246513409153764
1035.558789730072,12.76229556738665
1036.2844791412354,12.195556140715949
1037.0101685523987,12.515975036459873
1037.735857963562,12.803841485744439
1038.4615473747253,12.073172214274075
1039.1872367858887,13.388198845209642
1039.912926197052,13.188381343074793
1040.6386156082153,13.194125224945315
1041.3643050193787,12.766584137728834
1042.089994430542,12.780235498377229
1042.8156838417053,12.821452609791386
1043.5413732528687,12.44523238071475
1044.267062664032,12.398812690072145
1044.9927520751953,12.312035726682195
1045.7184414863586,13.104832471392323
1046.444130897522,13.304451576598154
1047.1698203086853,13.775068925731285
1047.8955097198486,12.910361682261987
1048.621199131012,13.26481742040516
1049.3468885421753,13.322514622823126
1050.0725779533386,12.16836585104475
1050.798267364502,12.521013581504835
1051.5239567756653,13.544561119184962
1052.2496461868286,12.888495319133046
1052.975335597992,13.148657113703589
1053.7010250091553,14.074554999402517
1054.4267144203186,13.500190943629804
1055.152403831482,13.312692767679703
1055.8780932426453,13.478254791228872
1056.6037826538086,13.486120775922931
1057.329472064972,12.537635287244282
1058.0551614761353,11.872489111830681
1058.7808508872986,12.345158737562345
1059.506540298462,13.029000768182712
1060.2322297096252,12.93224931500315
1060.9579191207886,13.13737142644618
1061.683608531952,13.572956125096566
1062.4092979431152,13.734301542169284
1063.1349873542786,13.375172510298851
1063.860676765442,13.00032511531774
1064.5863661766052,12.872177010915557
1065.3120555877686,12.95051605903614
1066.0377449989319,12.28793906228907
1066.7634344100952,11.620556239621994
1067.4891238212585,12.622941070626279
1068.2148132324219,13.555964396149701
1068.9405026435852,13.606755018942954
1069.6661920547485,12.500290458465104
1070.3918814659119,12.803262685833516
1071.1175708770752,12.744361574727527
1071.8432602882385,11.888625573513295
1072.5689496994019,11.926858893977057
1073.2946391105652,12.036072576259462
1074.0203285217285,12.180328432834235
1074.7460179328918,12.118152078073178
1075.4717073440552,11.325171576097084
1076.1973967552185,12.359222543757685
1076.9230861663818,12.98884888664676
1077.6487755775452,12.380287388697111
1078.3744649887085,11.704042857809283
1079.1001543998718,11.489140705658464
1079.8258438110352,11.309407045373707
1080.5515332221985,12.282673672149267
1081.2772226333618,11.864078383865872
1082.0029120445251,11.276731945156067
1082.7286014556885,12.768285031523025
1083.4542908668518,12.175394314451045
1084.1799802780151,12.326922999077416
1084.9056696891785,11.429471703293007
1085.6313591003418,11.590874613695052
1086.3570485115051,11.581344887364557
1087.0827379226685,11.93726834362132
1087.8084273338318,12.562023733401476
1088.5341167449951,12.010055157058309
1089.2598061561584,12.466968046457433
1089.9854955673218,12.276041326033951
1090.711184978485,11.518947901415572
1091.4368743896484,12.173894307594837
1092.1625638008118,11.727387374792274
1092.888253211975,11.64400499474055
1093.6139426231384,12.36496382190801
1094.3396320343018,11.953127453764628
1095.065321445465,11.687126031459323
1095.7910108566284,11.465116795446985
1096.5167002677917,10.917599272369221
1097.242389678955,11.807664313187505
1097.9680790901184,10.541880529969456
1098.6937685012817,10.858731909914946
1099.419457912445,11.115544335176791
1100.1451473236084,10.811574765159328
1100.8708367347717,11.301144704891852
1101.596526145935,11.150551876012102
1102.3222155570984,10.440778333809215
1103.0479049682617,11.077597774859417
1103.773594379425,10.921045200443691
1104.4992837905884,10.449990615129012
1105.2249732017517,10.554711784403809
1105.950662612915,10.638655620667473
1106.6763520240784,9.751619695281002
1107.4020414352417,9.426874758434524
1108.127730846405,10.241642433816972
1108.8534202575684,9.963443143088003
1109.5791096687317,9.843633589872688
1110.304799079895,9.557920512079336
1111.0304884910583,10.302179897510012
1111.7561779022217,10.552223950283613
1112.481867313385,9.865033374154356
1113.2075567245483,8.927664020819448
1113.9332461357117,8.7746516013767
1114.658935546875,9.352976410161915
1115.3846249580383,9.594014132851234
1116.1103143692017,10.18173843105446
1116.836003780365,10.147521160241444
1117.5616931915283,9.559023675308058
1118.2873826026917,9.253421116095627
1119.013072013855,9.437355068914949
1119.7387614250183,9.282217677265516
1120.4644508361816,8.530963538930223
1121.190140247345,9.060476646640359
1121.9158296585083,9.247077982426566
1122.6415190696716,8.969195507432143
1123.367208480835,8.989985060230847
1124.0928978919983,8.912936080398044
1124.8185873031616,8.816152415966187
1125.544276714325,8.626411153754663
1126.2699661254883,7.626613952717456
1126.9956555366516,8.405118447834406
1127.721344947815,9.219060662207857
1128.4470343589783,8.982942917054784
1129.1727237701416,8.653937594746358
1129.898413181305,8.545090606012387
1130.6241025924683,8.323097509823452
1131.3497920036316,8.938298050254561
1132.075481414795,9.065776062753036
1132.8011708259583,8.89277186785096
1133.5268602371216,8.974629946714352
1134.252549648285,8.838810806071036
1134.9782390594482,8.843490468965713
1135.7039284706116,8.570318085795455
1136.429617881775,8.863201057675639
1137.1553072929382,8.799994507107813
1137.8809967041016,9.056976502077664
1138.606686115265,8.933461238550091
1139.3323755264282,8.370062150104594
1140.0580649375916,8.013755942800184
1140.7837543487549,8.087302403583129
1141.5094437599182,8.330630628997028
1142.2351331710815,9.013233262811251
1142.9608225822449,8.775041674402397
1143.6865119934082,9.255460874209534
1144.4122014045715,9.577817417414972
1145.1378908157349,9.327072065472187
1145.8635802268982,8.899934839796853
1146.5892696380615,9.017376448868877
1147.3149590492249,8.481409795515924
1148.0406484603882,8.833987391165856
1148.7663378715515,8.93639494630947
1149.4920272827148,9.319514851323193
1150.2177166938782,9.107552371701019
1150.9434061050415,8.34609173683023
1151.6690955162048,8.723001809735443
1152.3947849273682,9.327841186429854
1153.1204743385315,9.917784582805046
1153.8461637496948,9.905273976223967
1154.5718531608582,10.107466797617572
1155.2975425720215,9.96702987797774
1156.0232319831848,10.360788842506961
1156.7489213943481,10.256603251068777
1157.4746108055115,10.373381871769634
1158.2003002166748,10.084011165598188
1158.9259896278381,9.580849201802327
1159.6516790390015,10.321461486532408
1160.3773684501648,10.906535072175426
1161.1030578613281,10.330968870493116
1161.8287472724915,10.793960330539717
1162.5544366836548,10.598253632189673
1163.2801260948181,10.68069232188413
1164.0058155059814,10.74022098423327
1164.7315049171448,10.490970317864296
1165.457194328308,10.685833630654031
1166.1828837394714,10.687047283830351
1166.9085731506348,10.44824515415471
1167.634262561798,10.423898621851137
1168.3599519729614,11.22027582356696
1169.0856413841248,10.694073345511146
1169.811330795288,10.79118351068194
1170.5370202064514,10.650169752382899
1171.2627096176147,11.097601743395137
1171.988399028778,11.010484983433503
1172.7140884399414,11.228483413487572
1173.4397778511047,10.338669591427388
1174.165467262268,10.589851650650166
1174.8911566734314,11.507768465441005
1175.6168460845947,11.316985181770184
1176.342535495758,11.256557434755731
1177.0682249069214,12.242477646606421
1177.7939143180847,11.2186531527549
1178.519603729248,11.643935878067031
1179.2452931404114,11.945134658290952
1179.9709825515747,12.085766224581237
1180.696671962738,11.924348539419821
1181.4223613739014,11.624706441661024
1182.1480507850647,10.547362993616542
1182.873740196228,10.47798032247513
1183.5994296073914,12.221101704199885
1184.3251190185547,11.896510963163134
1185.050808429718,12.305973049046276
1185.7764978408813,12.468157486784955
1186.5021872520447,12.803350921693227
1187.227876663208,11.901850303104055
1187.9535660743713,11.697587768185084
1188.6792554855347,11.381296664479088
1189.404944896698,11.115340497095895
1190.1306343078613,11.364078967409768
1190.8563237190247,11.78647534630037
1191.582013130188,11.799183863628953
1192.3077025413513,11.419621324871294
1193.0333919525146,11.191117358891196
1193.759081363678,11.383611823371202
1194.4847707748413,11.132806926474395
1195.2104601860046,11.745009129910681
1195.936149597168,11.906945039763068
1196.6618390083313,12.225976040814215
1197.3875284194946,12.383503447378821
1198.113217830658,11.77368804658325
1198.8389072418213,11.512725014320978
1199.5645966529846,10.725218419935471
1200.290286064148,10.394178097164266
1201.0159754753113,10.29982260093992
1201.7416648864746,10.758139457820038
1202.467354297638,11.583606456782904
1203.1930437088013,11.42018777510024
1203.9187331199646,11.045248329045888
1204.644422531128,10.406457290761717
1205.3701119422913,10.022207578404315
1206.0958013534546,10.331238297233028
1206.821490764618,10.457293460777173
1207.5471801757812,10.615260350230212
1208.2728695869446,10.801648585970446
1208.998558998108,10.338389531286627
1209.7242484092712,10.40249780614854
1210.4499378204346,10.760759125785885
1211.175627231598,10.433389809403081
1211.9013166427612,10.408520901249494
1212.6270060539246,10.547065789419912
1213.352695465088,10.127623678429886
1214.0783848762512,10.428657723223173
1214.8040742874146,10.57153210909478
1215.5297636985779,9.779156160838289
1216.2554531097412,10.163690000039201
1216.9811425209045,10.931615209774975
1217.7068319320679,10.922339039239233
1218.4325213432312,10.493129120603667
1219.1582107543945,9.811272346073642
1219.8839001655579,9.647601923151433
1220.6095895767212,9.35248298532896
1221.3352789878845,9.943334875718563
1222.0609683990479,10.300511557472595
1222.7866578102112,9.88451447173512
1223.5123472213745,10.851428590766663
1224.2380366325378,10.54977973805338
1224.9637260437012,9.976252977886281
1225.6894154548645,10.283538614911006
1226.4151048660278,10.25357561223056
1227.1407942771912,10.221798185492675
1227.8664836883545,9.617518679915253
1228.5921730995178,9.3217749737645
1229.3178625106812,10.528834953126033
1230.0435519218445,10.545555211052726
1230.7692413330078,9.650323988681047
1231.4949307441711,9.358637570225705
1232.2206201553345,9.632206385103487
1232.9463095664978,8.750274612803503
1233.6719989776611,9.2866865696413
1234.3976883888245,9.269046408545954
1235.1233777999878,9.864385523731466
1235.8490672111511,9.954639223279242
1236.5747566223145,9.53239431024293
1237.3004460334778,9.404169005072497
1238.026135444641,9.349888373509266
1238.7518248558044,9.868803034703435
1239.4775142669678,9.799199817005762
1240.203203678131,9.361583665789508
1240.9288930892944,9.356068335160552
1241.6545825004578,10.042291868683025
1242.380271911621,9.175075312494306
1243.1059613227844,9.138129866897076
1243.8316507339478,9.42420518884123
1244.557340145111,9.807879893204854
1245.2830295562744,10.135780980574802
1246.0087189674377,9.650392446754596
1246.734408378601,8.873750847975419
1247.4600977897644,9.147816991143806
1248.1857872009277,9.558253958778021
1248.911476612091,9.524784224946185
1249.6371660232544,9.374057536156863
1250.3628554344177,9.866116042744315
1251.088544845581,9.565351372961292
1251.8142342567444,10.317203733717779
1252.5399236679077,9.616471929182609
1253.265613079071,9.671438266893974
1253.9913024902344,9.716647564693492
1254.7169919013977,9.556367817244555
1255.442681312561,10.441144175586722
1256.1683707237244,10.170488269147253
1256.8940601348877,9.864332984503994
1257.619749546051,10.661121103133047
1258.3454389572144,10.635821222850916
1259.0711283683777,9.013741335219127
1259.796817779541,9.169282275979933
1260.5225071907043,9.244525684352073
1261.2481966018677,9.709070247572011
1261.973886013031,11.374922721284214
1262.6995754241943,11.336206274824498
1263.4252648353577,10.58574807419997
1264.150954246521,10.41644913687551
1264.8766436576843,10.60264894069282
1265.6023330688477,10.009604859772864
1266.328022480011,10.025296380968177
1267.0537118911743,10.727639934939667
1267.7794013023376,9.834653767709629
1268.505090713501,9.731975867738555
1269.2307801246643,10.174058235273517
1269.9564695358276,9.854702152353696
1270.682158946991,10.443899613069183
1271.4078483581543,11.28898052140976
1272.1335377693176,10.080693460265453
1272.859227180481,9.854079703729283
1273.5849165916443,9.907525661484096
1274.3106060028076,10.554377054676443
1275.036295413971,10.961709038853202
1275.7619848251343,10.712168885217872
1276.4876742362976,10.91898815952883
1277.213363647461,10.477482100912527
1277.9390530586243,10.512055664623913
1278.6647424697876,10.395503650309257
1279.390431880951,10.96775604663347
1280.1161212921143,10.629462723788727
1280.8418107032776,12.239759729919431
1281.567500114441,11.831535715540419
1282.2931895256042,11.055404611519926
1283.0188789367676,10.949595537253023
1283.744568347931,11.499001067245711
1284.4702577590942,10.775661080421502
1285.1959471702576,11.304364312570925
1285.921636581421,11.565818205021026
1286.6473259925842,12.425508660161654
1287.3730154037476,11.63820489945935
1288.098704814911,11.011647292097049
1288.8243942260742,11.55741542637997
1289.5500836372375,11.306833914855424
1290.2757730484009,10.927933588875481
1291.0014624595642,11.112239401313579
1291.7271518707275,10.885669285524926
1292.4528412818909,11.361968600552718
1293.1785306930542,11.353448486996896
1293.9042201042175,11.992015128409093
1294.6299095153809,12.168896914288913
1295.3555989265442,11.953473014329477
1296.0812883377075,11.816948404795395
1296.8069777488708,11.271852024696603
1297.5326671600342,11.574807558409455
1298.2583565711975,11.312630722986361
1298.9840459823608,12.489712965069131
1299.7097353935242,12.03901002691304
1300.4354248046875,11.753194078413284
1301.1611142158508,12.741320403596756
1301.8868036270142,13.112346834659574
1302.6124930381775,13.218953482576376
1303.3381824493408,13.228518909902716
1304.0638718605042,13.367203269016413
1304.7895612716675,12.662373750071682
1305.5152506828308,11.817562884116306
1306.2409400939941,12.470730469695313
1306.9666295051575,13.335069058993788
1307.6923189163208,12.535899806702796
1308.4180083274841,12.477916685116544
1309.1436977386475,13.543135038858116
1309.8693871498108,13.286588957824057
1310.5950765609741,12.916615360605235
1311.3207659721375,12.725167113935965
1312.0464553833008,12.169765795112411
1312.772144794464,13.11932882378855
1313.4978342056274,13.4023841196923
1314.2235236167908,13.091984598202156
1314.949213027954,12.160422441415886
1315.6749024391174,13.163039868291612
1316.4005918502808,13.059418915441338
1317.126281261444,13.063383035777528
1317.8519706726074,13.471557954003037
1318.5776600837708,13.308581227878218
1319.303349494934,13.363840985445606
1320.0290389060974,13.687665929638126
1320.7547283172607,14.64377937400329
1321.480417728424,13.027619697270955
1322.2061071395874,13.15593602279627
1322.9317965507507,14.528997512850491
1323.657485961914,13.496232515005543
1324.3831753730774,11.817320223258525
1325.1088647842407,12.516089750770796
1325.834554195404,12.216291234657284
1326.5602436065674,11.577587002141783
1327.2859330177307,13.422616562536922
1328.011622428894,13.387568845190364
1328.7373118400574,13.845049001478385
1329.4630012512207,13.414153870842176
1330.188690662384,14.142393476695027
1330.9143800735474,14.300763698540507
1331.6400694847107,13.539297347617653
1332.365758895874,13.349614569926329
1333.0914483070374,13.691585877514399
1333.8171377182007,14.463086926709304
1334.542827129364,13.643907609183337
1335.2685165405273,12.619047926444901
1335.9942059516907,13.403764678981249
1336.719895362854,13.163827277136738
1337.4455847740173,12.34134445477173
1338.1712741851807,13.050240394610146
1338.896963596344,14.131417728666582
1339.6226530075073,14.755648615296543
1340.3483424186707,14.366433472294883
1341.074031829834,12.55076641626063
1341.7997212409973,12.91057359674306
1342.5254106521606,13.827416935773394
1343.251100063324,14.914957534331455
1343.9767894744873,14.103735583810392
1344.7024788856506,14.530977211258447
1345.428168296814,14.821824296816741
1346.1538577079773,14.992745167028751
1346.8795471191406,15.374170652769319
1347.605236530304,14.346076799942576
1348.3309259414673,13.285489415125785
1349.0566153526306,14.234663929244372
1349.782304763794,13.706500861261857
1350.5079941749573,14.075268276712121
1351.2336835861206,14.698579653145336
1351.959372997284,13.961271938560039
1352.6850624084473,13.164744647515032
1353.4107518196106,14.036789460391384
1354.136441230774,15.284647444727643
1354.8621306419373,15.362213317458783
1355.5878200531006,14.585638149207139
1356.313509464264,14.872783357497191
1357.0391988754272,14.147662903327818
1357.7648882865906,14.019763546139657
1358.490577697754,14.764264305196228
1359.2162671089172,13.724570894951126
1359.9419565200806,13.890982810837627
1360.667645931244,15.480325473361404
1361.3933353424072,14.64614489502074
1362.1190247535706,14.661250982851165
1362.844714164734,14.693431169599446
1363.5704035758972,15.052019213813754
1364.2960929870605,15.029191328027064
1365.0217823982239,15.246019016442958
1365.7474718093872,16.07978629266195
1366.4731612205505,16.101486076889014
1367.1988506317139,15.726280370846734
1367.9245400428772,14.621812021428699
1368.6502294540405,15.169058859782458
1369.3759188652039,15.51221582609726
1370.1016082763672,16.330106431548217
1370.8272976875305,15.653909438503025
1371.5529870986938,14.874211253857204
1372.2786765098572,14.830657254032278
1373.0043659210205,14.409386698563937
1373.7300553321838,15.761287111304982
1374.4557447433472,15.443654675716832
1375.1814341545105,15.983095907410657
1375.9071235656738,14.920427977508083
1376.6328129768372,14.931825429642801
1377.3585023880005,14.797460348964599
1378.0841917991638,15.163897910085108
1378.8098812103271,15.053663402092818
1379.5355706214905,14.784506504831127
1380.2612600326538,15.48768507226202
1380.9869494438171,15.22683778351524
1381.7126388549805,15.71934695014483
1382.4383282661438,16.07110111205673
1383.1640176773071,16.930331714378852
1383.8897070884705,15.098005644204658
1384.6153964996338,15.105232115285782
1385.3410859107971,14.951360552362003
1386.0667753219604,15.573617305829238
1386.7924647331238,15.349169351151271
1387.518154144287,15.461273224109554
1388.2438435554504,14.881185046406525
1388.9695329666138,14.680115165249683
1389.695222377777,16.285544481055336
1390.4209117889404,15.331185533831214
1391.1466012001038,14.933532945208967
1391.872290611267,16.01723174074997
1392.5979800224304,15.718980713014176
1393.3236694335938,14.47308784194952
1394.049358844757,15.264225078184092
1394.7750482559204,14.918670101508997
1395.5007376670837,15.3859319210305
1396.226427078247,15.362301768667411
1396.9521164894104,16.043896388924313
1397.6778059005737,15.633975451454639
1398.403495311737,14.713485545518457
1399.1291847229004,15.114727059765608
1399.8548741340637,14.520643156168422
1400.580563545227,15.444047520256449
1401.3062529563904,14.719502108569529
1402.0319423675537,14.903360257799854
1402.757631778717,15.307419435486004
1403.4833211898804,15.857173476181366
1404.2090106010437,15.965159174471657
1404.934700012207,15.609740262021623
1405.6603894233704,15.287273018236867
1406.3860788345337,15.544631237208295
1407.111768245697,15.810771043148076
1407.8374576568604,14.332380815152742
1408.5631470680237,13.943192363421353
1409.288836479187,14.482026845935858
1410.0145258903503,15.29429914224806
1410.7402153015137,15.51400897816146
1411.465904712677,16.018307517902475
1412.1915941238403,16.73640822476548
1412.9172835350037,15.204430747970363
1413.642972946167,14.885509575391588
1414.3686623573303,14.866410533379252
1415.0943517684937,14.549345762331225
1415.820041179657,14.747239497173156
1416.5457305908203,15.589187941424369
1417.2714200019836,14.182638715518072
1417.997109413147,14.212632494576358
1418.7227988243103,14.796453248078857
1419.4484882354736,15.138740363018533
1420.174177646637,15.252602138363295
1420.8998670578003,15.432834384777737
1421.6255564689636,13.97929437712058
1422.351245880127,14.309890969585748
1423.0769352912903,16.48941075485905
1423.8026247024536,15.100054379504755
1424.528314113617,13.87598896769973
1425.2540035247803,14.82661897537542
1425.9796929359436,14.468618638181907
1426.705382347107,14.225417290188915
1427.4310717582703,14.444101275438083
1428.1567611694336,14.756115252041209
1428.882450580597,14.932852108677723
1429.6081399917603,15.880965453615802
1430.3338294029236,16.29354080566809
1431.059518814087,14.60032225214876
1431.7852082252502,14.31326347866018
1432.5108976364136,15.220129064561142
1433.236587047577,15.145277621176504
1433.9622764587402,15.620265232275461
1434.6879658699036,15.237148355886871
1435.413655281067,14.828435980903668
1436.1393446922302,14.479924544076011
1436.8650341033936,14.739544368705939
1437.5907235145569,15.217447225739935
1438.3164129257202,14.907749544790477
1439.0421023368835,14.10298775718173
1439.7677917480469,15.071663266583124
1440.4934811592102,16.189772744972622
1441.2191705703735,15.385925006148415
1441.9448599815369,15.235675096760586
1442.6705493927002,14.534661814545675
1443.3962388038635,14.7532080052199
1444.1219282150269,15.358999271792683
1444.8476176261902,15.214086475440737
1445.5733070373535,14.976543168170469
1446.2989964485168,15.366519298277412
1447.0246858596802,14.33812005882358
1447.7503752708435,14.729206044658865
1448.4760646820068,14.842974619309285
1449.2017540931702,14.484244312895452
1449.9274435043335,15.001150203234447
1450.6531329154968,15.42969133237291
1451.3788223266602,14.807366624689935
1452.1045117378235,14.820108032913673
1452.8302011489868,15.595824304410824
1453.5558905601501,14.656731650983339
1454.2815799713135,14.226683660407872
1455.0072693824768,14.909189983558823
1455.7329587936401,14.847637189759038
1456.4586482048035,14.9544390849978
1457.1843376159668,14.758938578593265
1457.9100270271301,15.408331810139785
1458.6357164382935,15.987507368620857
1459.3614058494568,16.57329051076335
1460.0870952606201,15.625704301526232
1460.8127846717834,15.27777821156367
1461.5384740829468,14.254446798608653
1462.26416349411,15.460421218185699
1462.9898529052734,14.89415769776553
1463.7155423164368,14.774875264355089
1464.4412317276,15.261606697630262
1465.1669211387634,14.426201310385352
1465.8926105499268,15.268413278685404
1466.61829996109,15.679253140048807
1467.3439893722534,16.849130577613487
1468.0696787834167,16.353324324941955
1468.79536819458,15.460324613607545
1469.5210576057434,16.006445991384457
1470.2467470169067,16.02998611829755
1470.97243642807,16.292759514437645
1471.6981258392334,15.13900324312529
1472.4238152503967,13.964527874888612
1473.14950466156,14.692548197238734
1473.8751940727234,16.013983752261733
1474.6008834838867,15.297718162911943
1475.32657289505,14.974620459610964
1476.0522623062134,15.984299778765065
1476.7779517173767,16.048207726534475
1477.50364112854,15.637747618364473
1478.2293305397034,14.683533288194052
1478.9550199508667,15.73161988948917
1479.68070936203,15.343110650081444
1480.4063987731934,15.119970186835877
1481.1320881843567,14.541003503931679
1481.85777759552,14.213880827988836
1482.5834670066833,14.358974949575273
1483.3091564178467,14.595302191444429
1484.03484582901,15.097490297493806
1484.7605352401733,14.975070014243533
1485.4862246513367,15.52757050745165
